{
    "Origin": [
        0.0,
        0.0
    ],
    "Elements": {
        "853aa592-5f76-4420-98fb-f8ab0d10f6b7": {
            "discriminator": "Elements.Material",
            "Color": {
                "Red": 0.20000000298023224,
                "Green": 0.699999988079071,
                "Blue": 0.30000001192092896,
                "Alpha": 0.60000002384185791
            },
            "SpecularFactor": 0.0,
            "GlossinessFactor": 0.0,
            "Texture": null,
            "Id": "853aa592-5f76-4420-98fb-f8ab0d10f6b7",
            "Name": "site"
        },
        "d5719686-911e-4836-8f8f-b17b45c4a188": {
            "discriminator": "Elements.Site",
            "Perimeter": {
                "discriminator": "Elements.Geometry.Polygon",
                "Vertices": [
                    {
                        "X": 0.0,
                        "Y": 0.0,
                        "Z": 0.0
                    },
                    {
                        "X": 50.0,
                        "Y": 0.0,
                        "Z": 0.0
                    },
                    {
                        "X": 32.6162204024547,
                        "Y": 50.0,
                        "Z": 0.0
                    },
                    {
                        "X": 0.0,
                        "Y": 50.0,
                        "Z": 0.0
                    }
                ]
            },
            "Transform": {
                "Matrix": {
                    "Components": [
                        1.0,
                        0.0,
                        0.0,
                        0.0,
                        0.0,
                        1.0,
                        0.0,
                        0.0,
                        0.0,
                        0.0,
                        1.0,
                        0.0
                    ]
                }
            },
            "Material": "853aa592-5f76-4420-98fb-f8ab0d10f6b7",
            "Representation": {
                "SolidOperations": [
                    {
                        "discriminator": "Elements.Geometry.Solids.Lamina",
                        "Perimeter": {
                            "discriminator": "Elements.Geometry.Polygon",
                            "Vertices": [
                                {
                                    "X": 0.0,
                                    "Y": 0.0,
                                    "Z": 0.0
                                },
                                {
                                    "X": 50.0,
                                    "Y": 0.0,
                                    "Z": 0.0
                                },
                                {
                                    "X": 32.6162204024547,
                                    "Y": 50.0,
                                    "Z": 0.0
                                },
                                {
                                    "X": 0.0,
                                    "Y": 50.0,
                                    "Z": 0.0
                                }
                            ]
                        },
                        "IsVoid": false
                    }
                ]
            },
            "Id": "d5719686-911e-4836-8f8f-b17b45c4a188",
            "Name": "My Site"
        }
    }
}